ts,timestamp,zone,people_now,total_ids_seen_in_zone,tracked_ids,zone_timer_sec,zone_timer_hhmmss,zone_occupied_duration_sec,zone_occupied_duration_hhmmss,current_owner_id,current_session_start_time,current_session_duration_sec,is_valid_machine_usage,multi_person_detected,last_completed_session_duration_sec,completed_sessions_count,avg_completed_session_duration_sec,current_longest_usage_time_sec,estimated_waiting_time_sec
1773686958.354,2026-03-17 02:49:18,equipment_a,0,0,,0.000,00:00:00,0.000,00:00:00,,,0.000,0,0,0.000,0,0.000,0.000,0.000
1773686958.354,2026-03-17 02:49:18,equipment_b,0,0,,0.000,00:00:00,0.000,00:00:00,,,0.000,0,0,0.000,0,0.000,0.000,0.000
1773686959.492,2026-03-17 02:49:19,equipment_a,0,0,,0.000,00:00:00,0.000,00:00:00,,,0.000,0,0,0.000,0,0.000,0.000,0.000
1773686959.492,2026-03-17 02:49:19,equipment_b,0,0,,0.000,00:00:00,0.000,00:00:00,,,0.000,0,0,0.000,0,0.000,0.000,0.000
1773686960.524,2026-03-17 02:49:20,equipment_a,0,0,,0.000,00:00:00,0.000,00:00:00,,,0.000,0,0,0.000,0,0.000,0.000,0.000
1773686960.524,2026-03-17 02:49:20,equipment_b,0,0,,0.000,00:00:00,0.000,00:00:00,,,0.000,0,0,0.000,0,0.000,0.000,0.000
1773686961.585,2026-03-17 02:49:21,equipment_a,0,0,,0.000,00:00:00,0.000,00:00:00,,,0.000,0,0,0.000,0,0.000,0.000,0.000
1773686961.585,2026-03-17 02:49:21,equipment_b,0,0,,0.000,00:00:00,0.000,00:00:00,,,0.000,0,0,0.000,0,0.000,0.000,0.000
1773686962.646,2026-03-17 02:49:22,equipment_a,0,0,,0.000,00:00:00,0.000,00:00:00,,,0.000,0,0,0.000,0,0.000,0.000,0.000
1773686962.646,2026-03-17 02:49:22,equipment_b,0,0,,0.000,00:00:00,0.000,00:00:00,,,0.000,0,0,0.000,0,0.000,0.000,0.000
1773686963.707,2026-03-17 02:49:23,equipment_a,0,0,,0.000,00:00:00,0.000,00:00:00,,,0.000,0,0,0.000,0,0.000,0.000,0.000
1773686963.707,2026-03-17 02:49:23,equipment_b,0,0,,0.000,00:00:00,0.000,00:00:00,,,0.000,0,0,0.000,0,0.000,0.000,0.000
1773686964.781,2026-03-17 02:49:24,equipment_a,0,0,,0.000,00:00:00,0.000,00:00:00,,,0.000,0,0,0.000,0,0.000,0.000,0.000
1773686964.781,2026-03-17 02:49:24,equipment_b,0,0,,0.000,00:00:00,0.000,00:00:00,,,0.000,0,0,0.000,0,0.000,0.000,0.000
1773686965.920,2026-03-17 02:49:25,equipment_a,0,0,,0.000,00:00:00,0.000,00:00:00,,,0.000,0,0,0.000,0,0.000,0.000,0.000
1773686965.920,2026-03-17 02:49:25,equipment_b,0,0,,0.000,00:00:00,0.000,00:00:00,,,0.000,0,0,0.000,0,0.000,0.000,0.000
1773686967.026,2026-03-17 02:49:27,equipment_a,1,1,1,0.000,00:00:00,0.000,00:00:00,1,,0.000,0,0,0.000,0,0.000,0.000,0.000
1773686967.026,2026-03-17 02:49:27,equipment_b,0,0,,0.000,00:00:00,0.000,00:00:00,,,0.000,0,0,0.000,0,0.000,0.000,0.000
1773686968.027,2026-03-17 02:49:28,equipment_a,1,1,1,0.000,00:00:00,0.000,00:00:00,1,,0.000,0,0,0.000,0,0.000,0.000,0.000
1773686968.027,2026-03-17 02:49:28,equipment_b,0,0,,0.000,00:00:00,0.000,00:00:00,,,0.000,0,0,0.000,0,0.000,0.000,0.000
1773686969.035,2026-03-17 02:49:29,equipment_a,1,1,1,0.000,00:00:00,0.000,00:00:00,1,,0.000,0,0,0.000,0,0.000,0.000,0.000
1773686969.035,2026-03-17 02:49:29,equipment_b,0,0,,0.000,00:00:00,0.000,00:00:00,,,0.000,0,0,0.000,0,0.000,0.000,0.000
1773686970.071,2026-03-17 02:49:30,equipment_a,1,1,1,0.000,00:00:00,0.000,00:00:00,1,,0.000,0,0,0.000,0,0.000,0.000,0.000
1773686970.071,2026-03-17 02:49:30,equipment_b,0,0,,0.000,00:00:00,0.000,00:00:00,,,0.000,0,0,0.000,0,0.000,0.000,0.000
1773686971.164,2026-03-17 02:49:31,equipment_a,1,1,1,0.000,00:00:00,0.000,00:00:00,1,,0.000,0,0,0.000,0,0.000,0.000,0.000
1773686971.164,2026-03-17 02:49:31,equipment_b,0,0,,0.000,00:00:00,0.000,00:00:00,,,0.000,0,0,0.000,0,0.000,0.000,0.000
1773686972.273,2026-03-17 02:49:32,equipment_a,1,1,1,0.000,00:00:00,0.000,00:00:00,1,,0.000,0,0,0.000,0,0.000,0.000,0.000
1773686972.273,2026-03-17 02:49:32,equipment_b,0,0,,0.000,00:00:00,0.000,00:00:00,,,0.000,0,0,0.000,0,0.000,0.000,0.000
1773686973.376,2026-03-17 02:49:33,equipment_a,1,1,1,0.000,00:00:00,0.000,00:00:00,1,,0.000,0,0,0.000,0,0.000,0.000,0.000
1773686973.376,2026-03-17 02:49:33,equipment_b,0,0,,0.000,00:00:00,0.000,00:00:00,,,0.000,0,0,0.000,0,0.000,0.000,0.000
1773686974.507,2026-03-17 02:49:34,equipment_a,1,1,1,1.003,00:00:01,1.003,00:00:01,1,2026-03-17 02:49:33,1.003,1,0,0.000,0,0.000,1.003,0.000
1773686974.507,2026-03-17 02:49:34,equipment_b,0,0,,0.000,00:00:00,0.000,00:00:00,,,0.000,0,0,0.000,0,0.000,0.000,0.000
1773686975.535,2026-03-17 02:49:35,equipment_a,1,1,1,2.031,00:00:02,2.031,00:00:02,1,2026-03-17 02:49:33,2.031,0,0,0.000,0,0.000,2.031,0.000
1773686975.535,2026-03-17 02:49:35,equipment_b,0,0,,0.000,00:00:00,0.000,00:00:00,,,0.000,0,0,0.000,0,0.000,0.000,0.000
1773686976.572,2026-03-17 02:49:36,equipment_a,1,1,1,2.031,00:00:02,2.031,00:00:02,1,2026-03-17 02:49:33,2.031,0,0,0.000,0,0.000,2.031,0.000
1773686976.572,2026-03-17 02:49:36,equipment_b,0,0,,0.000,00:00:00,0.000,00:00:00,,,0.000,0,0,0.000,0,0.000,0.000,0.000
1773686977.590,2026-03-17 02:49:37,equipment_a,1,1,1,2.031,00:00:02,2.031,00:00:02,1,,0.000,0,0,2.031,1,2.031,0.000,0.000
1773686977.590,2026-03-17 02:49:37,equipment_b,0,0,,0.000,00:00:00,0.000,00:00:00,,,0.000,0,0,0.000,0,0.000,0.000,0.000
1773686978.708,2026-03-17 02:49:38,equipment_a,1,1,1,2.031,00:00:02,2.031,00:00:02,1,,0.000,0,0,2.031,1,2.031,0.000,0.000
1773686978.708,2026-03-17 02:49:38,equipment_b,0,0,,0.000,00:00:00,0.000,00:00:00,,,0.000,0,0,0.000,0,0.000,0.000,0.000
1773686979.801,2026-03-17 02:49:39,equipment_a,1,1,1,2.031,00:00:02,2.031,00:00:02,1,,0.000,0,0,2.031,1,2.031,0.000,0.000
1773686979.801,2026-03-17 02:49:39,equipment_b,0,0,,0.000,00:00:00,0.000,00:00:00,,,0.000,0,0,0.000,0,0.000,0.000,0.000
1773686980.807,2026-03-17 02:49:40,equipment_a,1,1,1,2.031,00:00:02,2.031,00:00:02,1,,0.000,0,0,2.031,1,2.031,0.000,0.000
1773686980.807,2026-03-17 02:49:40,equipment_b,0,0,,0.000,00:00:00,0.000,00:00:00,,,0.000,0,0,0.000,0,0.000,0.000,0.000
1773686981.835,2026-03-17 02:49:41,equipment_a,1,1,1,2.031,00:00:02,2.031,00:00:02,1,,0.000,0,0,2.031,1,2.031,0.000,0.000
1773686981.835,2026-03-17 02:49:41,equipment_b,0,0,,0.000,00:00:00,0.000,00:00:00,,,0.000,0,0,0.000,0,0.000,0.000,0.000
1773686982.964,2026-03-17 02:49:42,equipment_a,1,1,1,2.031,00:00:02,2.031,00:00:02,1,,0.000,0,0,2.031,1,2.031,0.000,0.000
1773686982.964,2026-03-17 02:49:42,equipment_b,0,0,,0.000,00:00:00,0.000,00:00:00,,,0.000,0,0,0.000,0,0.000,0.000,0.000
1773686983.985,2026-03-17 02:49:43,equipment_a,1,1,1,2.031,00:00:02,2.031,00:00:02,1,,0.000,0,0,2.031,1,2.031,0.000,0.000
1773686983.985,2026-03-17 02:49:43,equipment_b,0,0,,0.000,00:00:00,0.000,00:00:00,,,0.000,0,0,0.000,0,0.000,0.000,0.000
1773686985.128,2026-03-17 02:49:45,equipment_a,1,1,1,2.031,00:00:02,2.031,00:00:02,1,,0.000,0,0,2.031,1,2.031,0.000,0.000
1773686985.128,2026-03-17 02:49:45,equipment_b,0,0,,0.000,00:00:00,0.000,00:00:00,,,0.000,0,0,0.000,0,0.000,0.000,0.000
1773686986.237,2026-03-17 02:49:46,equipment_a,1,1,1,2.031,00:00:02,2.031,00:00:02,1,,0.000,0,0,2.031,1,2.031,0.000,0.000
1773686986.237,2026-03-17 02:49:46,equipment_b,0,0,,0.000,00:00:00,0.000,00:00:00,,,0.000,0,0,0.000,0,0.000,0.000,0.000
1773686987.257,2026-03-17 02:49:47,equipment_a,1,1,1,2.031,00:00:02,2.031,00:00:02,1,,0.000,0,0,2.031,1,2.031,0.000,0.000
1773686987.257,2026-03-17 02:49:47,equipment_b,0,0,,0.000,00:00:00,0.000,00:00:00,,,0.000,0,0,0.000,0,0.000,0.000,0.000
1773686988.304,2026-03-17 02:49:48,equipment_a,1,1,1,2.031,00:00:02,2.031,00:00:02,1,,0.000,0,0,2.031,1,2.031,0.000,0.000
1773686988.304,2026-03-17 02:49:48,equipment_b,1,1,4,0.000,00:00:00,0.000,00:00:00,4,,0.000,0,0,0.000,0,0.000,0.000,0.000
1773686989.492,2026-03-17 02:49:49,equipment_a,1,1,1,2.031,00:00:02,2.031,00:00:02,1,,0.000,0,0,2.031,1,2.031,0.000,0.000
1773686989.492,2026-03-17 02:49:49,equipment_b,1,1,4,0.000,00:00:00,0.000,00:00:00,4,,0.000,0,0,0.000,0,0.000,0.000,0.000
1773686990.624,2026-03-17 02:49:50,equipment_a,1,1,1,2.692,00:00:02,2.692,00:00:02,1,2026-03-17 02:49:49,0.660,1,0,2.031,1,2.031,0.660,1.371
1773686990.624,2026-03-17 02:49:50,equipment_b,1,1,4,0.000,00:00:00,0.000,00:00:00,4,,0.000,0,0,0.000,0,0.000,0.000,0.000
1773686991.777,2026-03-17 02:49:51,equipment_a,1,1,1,3.285,00:00:03,3.285,00:00:03,1,2026-03-17 02:49:49,1.254,0,0,2.031,1,2.031,1.254,1.000
1773686991.777,2026-03-17 02:49:51,equipment_b,1,1,4,0.000,00:00:00,0.000,00:00:00,4,,0.000,0,0,0.000,0,0.000,0.000,0.000
1773686992.904,2026-03-17 02:49:52,equipment_a,1,1,1,3.285,00:00:03,3.285,00:00:03,1,2026-03-17 02:49:49,1.254,0,0,2.031,1,2.031,1.254,1.000
1773686992.904,2026-03-17 02:49:52,equipment_b,2,2,4|6,0.000,00:00:00,0.000,00:00:00,6,,0.000,0,1,0.000,0,0.000,0.000,0.000
1773686993.911,2026-03-17 02:49:53,equipment_a,1,1,1,3.285,00:00:03,3.285,00:00:03,1,,0.000,0,0,1.254,2,1.643,0.000,0.000
1773686993.911,2026-03-17 02:49:53,equipment_b,2,2,4|6,0.000,00:00:00,0.000,00:00:00,6,,0.000,0,1,0.000,0,0.000,0.000,0.000
1773686994.917,2026-03-17 02:49:54,equipment_a,1,1,1,3.285,00:00:03,3.285,00:00:03,1,,0.000,0,0,1.254,2,1.643,0.000,0.000
1773686994.917,2026-03-17 02:49:54,equipment_b,1,2,6,0.000,00:00:00,0.000,00:00:00,6,,0.000,0,0,0.000,0,0.000,0.000,0.000
1773686995.918,2026-03-17 02:49:55,equipment_a,1,1,1,3.936,00:00:03,3.936,00:00:03,1,2026-03-17 02:49:55,0.650,1,0,1.254,2,1.643,0.650,1.000
1773686995.918,2026-03-17 02:49:55,equipment_b,1,2,6,0.000,00:00:00,0.000,00:00:00,6,,0.000,0,0,0.000,0,0.000,0.000,0.000
1773686996.995,2026-03-17 02:49:56,equipment_a,1,1,1,5.013,00:00:05,5.013,00:00:05,1,2026-03-17 02:49:55,1.727,1,0,1.254,2,1.643,1.727,1.000
1773686996.995,2026-03-17 02:49:56,equipment_b,1,2,6,0.000,00:00:00,0.000,00:00:00,6,,0.000,0,0,0.000,0,0.000,0.000,0.000
1773686998.074,2026-03-17 02:49:58,equipment_a,1,1,1,6.091,00:00:06,6.091,00:00:06,1,2026-03-17 02:49:55,2.806,1,0,1.254,2,1.643,2.806,1.000
1773686998.074,2026-03-17 02:49:58,equipment_b,1,2,6,0.940,00:00:00,0.940,00:00:00,6,2026-03-17 02:49:57,0.940,1,0,0.000,0,0.000,0.940,0.000
1773686999.171,2026-03-17 02:49:59,equipment_a,1,1,1,7.189,00:00:07,7.189,00:00:07,1,2026-03-17 02:49:55,3.903,1,0,1.254,2,1.643,3.903,1.000
1773686999.171,2026-03-17 02:49:59,equipment_b,1,2,6,2.037,00:00:02,2.037,00:00:02,6,2026-03-17 02:49:57,2.037,1,0,0.000,0,0.000,2.037,0.000
1773687000.251,2026-03-17 02:50:00,equipment_a,1,1,1,8.268,00:00:08,8.268,00:00:08,1,2026-03-17 02:49:55,4.983,1,0,1.254,2,1.643,4.983,1.000
1773687000.251,2026-03-17 02:50:00,equipment_b,0,2,,2.777,00:00:02,2.777,00:00:02,,,0.000,0,0,2.777,1,2.777,0.000,0.000
1773687001.365,2026-03-17 02:50:01,equipment_a,1,1,1,9.383,00:00:09,9.383,00:00:09,1,2026-03-17 02:49:55,6.097,1,0,1.254,2,1.643,6.097,1.000
1773687001.365,2026-03-17 02:50:01,equipment_b,0,2,,2.777,00:00:02,2.777,00:00:02,,,0.000,0,0,2.777,1,2.777,0.000,0.000
1773687002.433,2026-03-17 02:50:02,equipment_a,1,1,1,10.451,00:00:10,10.451,00:00:10,1,2026-03-17 02:49:55,7.165,1,0,1.254,2,1.643,7.165,1.000
1773687002.433,2026-03-17 02:50:02,equipment_b,0,2,,2.777,00:00:02,2.777,00:00:02,,,0.000,0,0,2.777,1,2.777,0.000,0.000
1773687003.537,2026-03-17 02:50:03,equipment_a,1,1,1,11.554,00:00:11,11.554,00:00:11,1,2026-03-17 02:49:55,8.269,1,0,1.254,2,1.643,8.269,1.000
1773687003.537,2026-03-17 02:50:03,equipment_b,0,2,,2.777,00:00:02,2.777,00:00:02,,,0.000,0,0,2.777,1,2.777,0.000,0.000
1773687004.697,2026-03-17 02:50:04,equipment_a,1,1,1,12.715,00:00:12,12.715,00:00:12,1,2026-03-17 02:49:55,9.430,1,0,1.254,2,1.643,9.430,1.000
1773687004.697,2026-03-17 02:50:04,equipment_b,0,2,,2.777,00:00:02,2.777,00:00:02,,,0.000,0,0,2.777,1,2.777,0.000,0.000
1773687005.708,2026-03-17 02:50:05,equipment_a,1,1,1,13.726,00:00:13,13.726,00:00:13,1,2026-03-17 02:49:55,10.440,1,0,1.254,2,1.643,10.440,1.000
1773687005.708,2026-03-17 02:50:05,equipment_b,0,2,,2.777,00:00:02,2.777,00:00:02,,,0.000,0,0,2.777,1,2.777,0.000,0.000
1773687006.839,2026-03-17 02:50:06,equipment_a,1,1,1,14.856,00:00:14,14.856,00:00:14,1,2026-03-17 02:49:55,11.571,1,0,1.254,2,1.643,11.571,1.000
1773687006.839,2026-03-17 02:50:06,equipment_b,0,2,,2.777,00:00:02,2.777,00:00:02,,,0.000,0,0,2.777,1,2.777,0.000,0.000
1773687007.854,2026-03-17 02:50:07,equipment_a,1,1,1,15.871,00:00:15,15.871,00:00:15,1,2026-03-17 02:49:55,12.586,1,0,1.254,2,1.643,12.586,1.000
1773687007.854,2026-03-17 02:50:07,equipment_b,0,2,,2.777,00:00:02,2.777,00:00:02,,,0.000,0,0,2.777,1,2.777,0.000,0.000
1773687008.871,2026-03-17 02:50:08,equipment_a,1,1,1,16.888,00:00:16,16.888,00:00:16,1,2026-03-17 02:49:55,13.603,1,0,1.254,2,1.643,13.603,1.000
1773687008.871,2026-03-17 02:50:08,equipment_b,0,2,,2.777,00:00:02,2.777,00:00:02,,,0.000,0,0,2.777,1,2.777,0.000,0.000
1773687009.901,2026-03-17 02:50:09,equipment_a,1,1,1,17.918,00:00:17,17.918,00:00:17,1,2026-03-17 02:49:55,14.633,1,0,1.254,2,1.643,14.633,1.000
1773687009.901,2026-03-17 02:50:09,equipment_b,0,2,,2.777,00:00:02,2.777,00:00:02,,,0.000,0,0,2.777,1,2.777,0.000,0.000
1773687011.065,2026-03-17 02:50:11,equipment_a,1,1,1,19.082,00:00:19,19.082,00:00:19,1,2026-03-17 02:49:55,15.797,1,0,1.254,2,1.643,15.797,1.000
1773687011.065,2026-03-17 02:50:11,equipment_b,0,2,,2.777,00:00:02,2.777,00:00:02,,,0.000,0,0,2.777,1,2.777,0.000,0.000
1773687012.075,2026-03-17 02:50:12,equipment_a,1,1,1,20.093,00:00:20,20.093,00:00:20,1,2026-03-17 02:49:55,16.807,1,0,1.254,2,1.643,16.807,1.000
1773687012.075,2026-03-17 02:50:12,equipment_b,0,2,,2.777,00:00:02,2.777,00:00:02,,,0.000,0,0,2.777,1,2.777,0.000,0.000
1773687013.097,2026-03-17 02:50:13,equipment_a,1,1,1,21.114,00:00:21,21.114,00:00:21,1,2026-03-17 02:49:55,17.829,1,0,1.254,2,1.643,17.829,1.000
1773687013.097,2026-03-17 02:50:13,equipment_b,0,2,,2.777,00:00:02,2.777,00:00:02,,,0.000,0,0,2.777,1,2.777,0.000,0.000
1773687014.172,2026-03-17 02:50:14,equipment_a,1,1,1,22.190,00:00:22,22.190,00:00:22,1,2026-03-17 02:49:55,18.904,1,0,1.254,2,1.643,18.904,1.000
1773687014.172,2026-03-17 02:50:14,equipment_b,0,2,,2.777,00:00:02,2.777,00:00:02,,,0.000,0,0,2.777,1,2.777,0.000,0.000
1773687015.349,2026-03-17 02:50:15,equipment_a,1,1,1,23.181,00:00:23,23.181,00:00:23,1,2026-03-17 02:49:55,19.896,0,0,1.254,2,1.643,19.896,1.000
1773687015.349,2026-03-17 02:50:15,equipment_b,0,2,,2.777,00:00:02,2.777,00:00:02,,,0.000,0,0,2.777,1,2.777,0.000,0.000
1773687016.380,2026-03-17 02:50:16,equipment_a,1,1,1,23.181,00:00:23,23.181,00:00:23,1,2026-03-17 02:49:55,19.896,0,0,1.254,2,1.643,19.896,1.000
1773687016.380,2026-03-17 02:50:16,equipment_b,0,2,,2.777,00:00:02,2.777,00:00:02,,,0.000,0,0,2.777,1,2.777,0.000,0.000
1773687017.552,2026-03-17 02:50:17,equipment_a,1,1,1,23.181,00:00:23,23.181,00:00:23,1,,0.000,0,0,19.896,3,7.727,0.000,0.000
1773687017.552,2026-03-17 02:50:17,equipment_b,0,2,,2.777,00:00:02,2.777,00:00:02,,,0.000,0,0,2.777,1,2.777,0.000,0.000
1773687018.589,2026-03-17 02:50:18,equipment_a,1,1,1,23.181,00:00:23,23.181,00:00:23,1,,0.000,0,0,19.896,3,7.727,0.000,0.000
1773687018.589,2026-03-17 02:50:18,equipment_b,0,2,,2.777,00:00:02,2.777,00:00:02,,,0.000,0,0,2.777,1,2.777,0.000,0.000
1773687019.740,2026-03-17 02:50:19,equipment_a,0,1,,23.181,00:00:23,23.181,00:00:23,,,0.000,0,0,19.896,3,7.727,0.000,0.000
1773687019.740,2026-03-17 02:50:19,equipment_b,0,2,,2.777,00:00:02,2.777,00:00:02,,,0.000,0,0,2.777,1,2.777,0.000,0.000
1773687020.755,2026-03-17 02:50:20,equipment_a,0,1,,23.181,00:00:23,23.181,00:00:23,,,0.000,0,0,19.896,3,7.727,0.000,0.000
1773687020.755,2026-03-17 02:50:20,equipment_b,0,2,,2.777,00:00:02,2.777,00:00:02,,,0.000,0,0,2.777,1,2.777,0.000,0.000
1773687021.869,2026-03-17 02:50:21,equipment_a,0,1,,23.181,00:00:23,23.181,00:00:23,,,0.000,0,0,19.896,3,7.727,0.000,0.000
1773687021.869,2026-03-17 02:50:21,equipment_b,0,2,,2.777,00:00:02,2.777,00:00:02,,,0.000,0,0,2.777,1,2.777,0.000,0.000
1773687023.039,2026-03-17 02:50:23,equipment_a,0,1,,23.181,00:00:23,23.181,00:00:23,,,0.000,0,0,19.896,3,7.727,0.000,0.000
1773687023.039,2026-03-17 02:50:23,equipment_b,0,2,,2.777,00:00:02,2.777,00:00:02,,,0.000,0,0,2.777,1,2.777,0.000,0.000
1773687024.086,2026-03-17 02:50:24,equipment_a,0,1,,23.181,00:00:23,23.181,00:00:23,,,0.000,0,0,19.896,3,7.727,0.000,0.000
1773687024.086,2026-03-17 02:50:24,equipment_b,0,2,,2.777,00:00:02,2.777,00:00:02,,,0.000,0,0,2.777,1,2.777,0.000,0.000
1773687025.109,2026-03-17 02:50:25,equipment_a,0,1,,23.181,00:00:23,23.181,00:00:23,,,0.000,0,0,19.896,3,7.727,0.000,0.000
1773687025.109,2026-03-17 02:50:25,equipment_b,0,2,,2.777,00:00:02,2.777,00:00:02,,,0.000,0,0,2.777,1,2.777,0.000,0.000
1773687026.264,2026-03-17 02:50:26,equipment_a,0,1,,23.181,00:00:23,23.181,00:00:23,,,0.000,0,0,19.896,3,7.727,0.000,0.000
1773687026.264,2026-03-17 02:50:26,equipment_b,0,2,,2.777,00:00:02,2.777,00:00:02,,,0.000,0,0,2.777,1,2.777,0.000,0.000
1773687027.385,2026-03-17 02:50:27,equipment_a,0,1,,23.181,00:00:23,23.181,00:00:23,,,0.000,0,0,19.896,3,7.727,0.000,0.000
1773687027.385,2026-03-17 02:50:27,equipment_b,0,2,,2.777,00:00:02,2.777,00:00:02,,,0.000,0,0,2.777,1,2.777,0.000,0.000
1773687028.486,2026-03-17 02:50:28,equipment_a,0,1,,23.181,00:00:23,23.181,00:00:23,,,0.000,0,0,19.896,3,7.727,0.000,0.000
1773687028.486,2026-03-17 02:50:28,equipment_b,0,2,,2.777,00:00:02,2.777,00:00:02,,,0.000,0,0,2.777,1,2.777,0.000,0.000
1773687029.603,2026-03-17 02:50:29,equipment_a,0,1,,23.181,00:00:23,23.181,00:00:23,,,0.000,0,0,19.896,3,7.727,0.000,0.000
1773687029.603,2026-03-17 02:50:29,equipment_b,0,2,,2.777,00:00:02,2.777,00:00:02,,,0.000,0,0,2.777,1,2.777,0.000,0.000
1773687030.608,2026-03-17 02:50:30,equipment_a,0,1,,23.181,00:00:23,23.181,00:00:23,,,0.000,0,0,19.896,3,7.727,0.000,0.000
1773687030.608,2026-03-17 02:50:30,equipment_b,0,2,,2.777,00:00:02,2.777,00:00:02,,,0.000,0,0,2.777,1,2.777,0.000,0.000
1773687031.669,2026-03-17 02:50:31,equipment_a,0,1,,23.181,00:00:23,23.181,00:00:23,,,0.000,0,0,19.896,3,7.727,0.000,0.000
1773687031.669,2026-03-17 02:50:31,equipment_b,0,2,,2.777,00:00:02,2.777,00:00:02,,,0.000,0,0,2.777,1,2.777,0.000,0.000
1773687032.686,2026-03-17 02:50:32,equipment_a,0,1,,23.181,00:00:23,23.181,00:00:23,,,0.000,0,0,19.896,3,7.727,0.000,0.000
1773687032.686,2026-03-17 02:50:32,equipment_b,0,2,,2.777,00:00:02,2.777,00:00:02,,,0.000,0,0,2.777,1,2.777,0.000,0.000
1773687033.692,2026-03-17 02:50:33,equipment_a,0,1,,23.181,00:00:23,23.181,00:00:23,,,0.000,0,0,19.896,3,7.727,0.000,0.000
1773687033.692,2026-03-17 02:50:33,equipment_b,0,2,,2.777,00:00:02,2.777,00:00:02,,,0.000,0,0,2.777,1,2.777,0.000,0.000
1773687034.698,2026-03-17 02:50:34,equipment_a,0,1,,23.181,00:00:23,23.181,00:00:23,,,0.000,0,0,19.896,3,7.727,0.000,0.000
1773687034.698,2026-03-17 02:50:34,equipment_b,0,2,,2.777,00:00:02,2.777,00:00:02,,,0.000,0,0,2.777,1,2.777,0.000,0.000
1773687035.704,2026-03-17 02:50:35,equipment_a,0,1,,23.181,00:00:23,23.181,00:00:23,,,0.000,0,0,19.896,3,7.727,0.000,0.000
1773687035.704,2026-03-17 02:50:35,equipment_b,0,2,,2.777,00:00:02,2.777,00:00:02,,,0.000,0,0,2.777,1,2.777,0.000,0.000
1773687036.857,2026-03-17 02:50:36,equipment_a,0,1,,23.181,00:00:23,23.181,00:00:23,,,0.000,0,0,19.896,3,7.727,0.000,0.000
1773687036.857,2026-03-17 02:50:36,equipment_b,0,2,,2.777,00:00:02,2.777,00:00:02,,,0.000,0,0,2.777,1,2.777,0.000,0.000
1773687037.958,2026-03-17 02:50:37,equipment_a,0,1,,23.181,00:00:23,23.181,00:00:23,,,0.000,0,0,19.896,3,7.727,0.000,0.000
1773687037.958,2026-03-17 02:50:37,equipment_b,0,2,,2.777,00:00:02,2.777,00:00:02,,,0.000,0,0,2.777,1,2.777,0.000,0.000
1773687039.114,2026-03-17 02:50:39,equipment_a,0,1,,23.181,00:00:23,23.181,00:00:23,,,0.000,0,0,19.896,3,7.727,0.000,0.000
1773687039.114,2026-03-17 02:50:39,equipment_b,0,2,,2.777,00:00:02,2.777,00:00:02,,,0.000,0,0,2.777,1,2.777,0.000,0.000
1773687040.236,2026-03-17 02:50:40,equipment_a,0,1,,23.181,00:00:23,23.181,00:00:23,,,0.000,0,0,19.896,3,7.727,0.000,0.000
1773687040.236,2026-03-17 02:50:40,equipment_b,0,2,,2.777,00:00:02,2.777,00:00:02,,,0.000,0,0,2.777,1,2.777,0.000,0.000
1773687041.309,2026-03-17 02:50:41,equipment_a,0,1,,23.181,00:00:23,23.181,00:00:23,,,0.000,0,0,19.896,3,7.727,0.000,0.000
1773687041.309,2026-03-17 02:50:41,equipment_b,0,2,,2.777,00:00:02,2.777,00:00:02,,,0.000,0,0,2.777,1,2.777,0.000,0.000
1773687042.330,2026-03-17 02:50:42,equipment_a,0,1,,23.181,00:00:23,23.181,00:00:23,,,0.000,0,0,19.896,3,7.727,0.000,0.000
1773687042.330,2026-03-17 02:50:42,equipment_b,0,2,,2.777,00:00:02,2.777,00:00:02,,,0.000,0,0,2.777,1,2.777,0.000,0.000
1773687043.343,2026-03-17 02:50:43,equipment_a,0,1,,23.181,00:00:23,23.181,00:00:23,,,0.000,0,0,19.896,3,7.727,0.000,0.000
1773687043.343,2026-03-17 02:50:43,equipment_b,0,2,,2.777,00:00:02,2.777,00:00:02,,,0.000,0,0,2.777,1,2.777,0.000,0.000
1773687044.347,2026-03-17 02:50:44,equipment_a,0,1,,23.181,00:00:23,23.181,00:00:23,,,0.000,0,0,19.896,3,7.727,0.000,0.000
1773687044.347,2026-03-17 02:50:44,equipment_b,0,2,,2.777,00:00:02,2.777,00:00:02,,,0.000,0,0,2.777,1,2.777,0.000,0.000
1773687045.497,2026-03-17 02:50:45,equipment_a,0,1,,23.181,00:00:23,23.181,00:00:23,,,0.000,0,0,19.896,3,7.727,0.000,0.000
1773687045.497,2026-03-17 02:50:45,equipment_b,0,2,,2.777,00:00:02,2.777,00:00:02,,,0.000,0,0,2.777,1,2.777,0.000,0.000
1773687046.638,2026-03-17 02:50:46,equipment_a,0,1,,23.181,00:00:23,23.181,00:00:23,,,0.000,0,0,19.896,3,7.727,0.000,0.000
1773687046.638,2026-03-17 02:50:46,equipment_b,0,2,,2.777,00:00:02,2.777,00:00:02,,,0.000,0,0,2.777,1,2.777,0.000,0.000
1773687047.765,2026-03-17 02:50:47,equipment_a,0,1,,23.181,00:00:23,23.181,00:00:23,,,0.000,0,0,19.896,3,7.727,0.000,0.000
1773687047.765,2026-03-17 02:50:47,equipment_b,1,3,8,2.777,00:00:02,2.777,00:00:02,8,,0.000,0,0,2.777,1,2.777,0.000,0.000
1773687048.825,2026-03-17 02:50:48,equipment_a,0,1,,23.181,00:00:23,23.181,00:00:23,,,0.000,0,0,19.896,3,7.727,0.000,0.000
1773687048.825,2026-03-17 02:50:48,equipment_b,1,3,8,2.777,00:00:02,2.777,00:00:02,8,,0.000,0,0,2.777,1,2.777,0.000,0.000
1773687049.947,2026-03-17 02:50:49,equipment_a,0,1,,23.181,00:00:23,23.181,00:00:23,,,0.000,0,0,19.896,3,7.727,0.000,0.000
1773687049.947,2026-03-17 02:50:49,equipment_b,1,3,8,2.777,00:00:02,2.777,00:00:02,8,,0.000,0,0,2.777,1,2.777,0.000,0.000
1773687051.072,2026-03-17 02:50:51,equipment_a,0,1,,23.181,00:00:23,23.181,00:00:23,,,0.000,0,0,19.896,3,7.727,0.000,0.000
1773687051.072,2026-03-17 02:50:51,equipment_b,1,3,8,2.777,00:00:02,2.777,00:00:02,8,,0.000,0,0,2.777,1,2.777,0.000,0.000
1773687052.122,2026-03-17 02:50:52,equipment_a,0,1,,23.181,00:00:23,23.181,00:00:23,,,0.000,0,0,19.896,3,7.727,0.000,0.000
1773687052.122,2026-03-17 02:50:52,equipment_b,1,3,8,2.777,00:00:02,2.777,00:00:02,8,,0.000,0,0,2.777,1,2.777,0.000,0.000
1773687053.171,2026-03-17 02:50:53,equipment_a,0,1,,23.181,00:00:23,23.181,00:00:23,,,0.000,0,0,19.896,3,7.727,0.000,0.000
1773687053.171,2026-03-17 02:50:53,equipment_b,1,3,8,2.777,00:00:02,2.777,00:00:02,8,,0.000,0,0,2.777,1,2.777,0.000,0.000
1773687054.235,2026-03-17 02:50:54,equipment_a,0,1,,23.181,00:00:23,23.181,00:00:23,,,0.000,0,0,19.896,3,7.727,0.000,0.000
1773687054.235,2026-03-17 02:50:54,equipment_b,1,3,8,2.777,00:00:02,2.777,00:00:02,8,,0.000,0,0,2.777,1,2.777,0.000,0.000
1773687055.418,2026-03-17 02:50:55,equipment_a,0,1,,23.181,00:00:23,23.181,00:00:23,,,0.000,0,0,19.896,3,7.727,0.000,0.000
1773687055.418,2026-03-17 02:50:55,equipment_b,1,3,8,2.777,00:00:02,2.777,00:00:02,8,,0.000,0,0,2.777,1,2.777,0.000,0.000
1773687056.418,2026-03-17 02:50:56,equipment_a,0,1,,23.181,00:00:23,23.181,00:00:23,,,0.000,0,0,19.896,3,7.727,0.000,0.000
1773687056.418,2026-03-17 02:50:56,equipment_b,1,3,8,2.777,00:00:02,2.777,00:00:02,8,,0.000,0,0,2.777,1,2.777,0.000,0.000
1773687057.483,2026-03-17 02:50:57,equipment_a,0,1,,23.181,00:00:23,23.181,00:00:23,,,0.000,0,0,19.896,3,7.727,0.000,0.000
1773687057.483,2026-03-17 02:50:57,equipment_b,1,3,8,2.777,00:00:02,2.777,00:00:02,8,,0.000,0,0,2.777,1,2.777,0.000,0.000
1773687058.506,2026-03-17 02:50:58,equipment_a,0,1,,23.181,00:00:23,23.181,00:00:23,,,0.000,0,0,19.896,3,7.727,0.000,0.000
1773687058.506,2026-03-17 02:50:58,equipment_b,1,3,8,2.777,00:00:02,2.777,00:00:02,8,,0.000,0,0,2.777,1,2.777,0.000,0.000
1773687059.541,2026-03-17 02:50:59,equipment_a,0,1,,23.181,00:00:23,23.181,00:00:23,,,0.000,0,0,19.896,3,7.727,0.000,0.000
1773687059.541,2026-03-17 02:50:59,equipment_b,1,3,8,2.777,00:00:02,2.777,00:00:02,8,,0.000,0,0,2.777,1,2.777,0.000,0.000
1773687060.581,2026-03-17 02:51:00,equipment_a,0,1,,23.181,00:00:23,23.181,00:00:23,,,0.000,0,0,19.896,3,7.727,0.000,0.000
1773687060.581,2026-03-17 02:51:00,equipment_b,1,3,8,2.777,00:00:02,2.777,00:00:02,8,,0.000,0,0,2.777,1,2.777,0.000,0.000
1773687061.617,2026-03-17 02:51:01,equipment_a,0,1,,23.181,00:00:23,23.181,00:00:23,,,0.000,0,0,19.896,3,7.727,0.000,0.000
1773687061.617,2026-03-17 02:51:01,equipment_b,1,3,8,2.777,00:00:02,2.777,00:00:02,8,,0.000,0,0,2.777,1,2.777,0.000,0.000
1773687062.728,2026-03-17 02:51:02,equipment_a,0,1,,23.181,00:00:23,23.181,00:00:23,,,0.000,0,0,19.896,3,7.727,0.000,0.000
1773687062.728,2026-03-17 02:51:02,equipment_b,1,3,8,2.777,00:00:02,2.777,00:00:02,8,,0.000,0,0,2.777,1,2.777,0.000,0.000
1773687063.763,2026-03-17 02:51:03,equipment_a,0,1,,23.181,00:00:23,23.181,00:00:23,,,0.000,0,0,19.896,3,7.727,0.000,0.000
1773687063.763,2026-03-17 02:51:03,equipment_b,1,3,8,2.777,00:00:02,2.777,00:00:02,8,,0.000,0,0,2.777,1,2.777,0.000,0.000
1773687064.779,2026-03-17 02:51:04,equipment_a,0,1,,23.181,00:00:23,23.181,00:00:23,,,0.000,0,0,19.896,3,7.727,0.000,0.000
1773687064.779,2026-03-17 02:51:04,equipment_b,1,3,8,2.777,00:00:02,2.777,00:00:02,8,,0.000,0,0,2.777,1,2.777,0.000,0.000
1773687065.797,2026-03-17 02:51:05,equipment_a,0,1,,23.181,00:00:23,23.181,00:00:23,,,0.000,0,0,19.896,3,7.727,0.000,0.000
1773687065.797,2026-03-17 02:51:05,equipment_b,1,3,8,2.777,00:00:02,2.777,00:00:02,8,,0.000,0,0,2.777,1,2.777,0.000,0.000
1773687066.921,2026-03-17 02:51:06,equipment_a,0,1,,23.181,00:00:23,23.181,00:00:23,,,0.000,0,0,19.896,3,7.727,0.000,0.000
1773687066.921,2026-03-17 02:51:06,equipment_b,1,3,8,2.777,00:00:02,2.777,00:00:02,8,,0.000,0,0,2.777,1,2.777,0.000,0.000
1773687067.993,2026-03-17 02:51:07,equipment_a,0,1,,23.181,00:00:23,23.181,00:00:23,,,0.000,0,0,19.896,3,7.727,0.000,0.000
1773687067.993,2026-03-17 02:51:07,equipment_b,1,3,8,2.777,00:00:02,2.777,00:00:02,8,,0.000,0,0,2.777,1,2.777,0.000,0.000
1773687069.072,2026-03-17 02:51:09,equipment_a,0,1,,23.181,00:00:23,23.181,00:00:23,,,0.000,0,0,19.896,3,7.727,0.000,0.000
1773687069.072,2026-03-17 02:51:09,equipment_b,1,3,8,2.777,00:00:02,2.777,00:00:02,8,,0.000,0,0,2.777,1,2.777,0.000,0.000
1773687070.108,2026-03-17 02:51:10,equipment_a,0,1,,23.181,00:00:23,23.181,00:00:23,,,0.000,0,0,19.896,3,7.727,0.000,0.000
1773687070.108,2026-03-17 02:51:10,equipment_b,1,3,8,2.777,00:00:02,2.777,00:00:02,8,,0.000,0,0,2.777,1,2.777,0.000,0.000
1773687071.114,2026-03-17 02:51:11,equipment_a,0,1,,23.181,00:00:23,23.181,00:00:23,,,0.000,0,0,19.896,3,7.727,0.000,0.000
1773687071.114,2026-03-17 02:51:11,equipment_b,1,3,8,2.777,00:00:02,2.777,00:00:02,8,,0.000,0,0,2.777,1,2.777,0.000,0.000
1773687072.146,2026-03-17 02:51:12,equipment_a,0,1,,23.181,00:00:23,23.181,00:00:23,,,0.000,0,0,19.896,3,7.727,0.000,0.000
1773687072.146,2026-03-17 02:51:12,equipment_b,1,3,8,2.777,00:00:02,2.777,00:00:02,8,,0.000,0,0,2.777,1,2.777,0.000,0.000
1773687073.159,2026-03-17 02:51:13,equipment_a,0,1,,23.181,00:00:23,23.181,00:00:23,,,0.000,0,0,19.896,3,7.727,0.000,0.000
1773687073.159,2026-03-17 02:51:13,equipment_b,1,3,8,2.777,00:00:02,2.777,00:00:02,8,,0.000,0,0,2.777,1,2.777,0.000,0.000
1773687074.254,2026-03-17 02:51:14,equipment_a,0,1,,23.181,00:00:23,23.181,00:00:23,,,0.000,0,0,19.896,3,7.727,0.000,0.000
1773687074.254,2026-03-17 02:51:14,equipment_b,1,3,8,2.777,00:00:02,2.777,00:00:02,8,,0.000,0,0,2.777,1,2.777,0.000,0.000
1773687075.291,2026-03-17 02:51:15,equipment_a,0,1,,23.181,00:00:23,23.181,00:00:23,,,0.000,0,0,19.896,3,7.727,0.000,0.000
1773687075.291,2026-03-17 02:51:15,equipment_b,1,3,8,2.777,00:00:02,2.777,00:00:02,8,,0.000,0,0,2.777,1,2.777,0.000,0.000
1773687076.317,2026-03-17 02:51:16,equipment_a,0,1,,23.181,00:00:23,23.181,00:00:23,,,0.000,0,0,19.896,3,7.727,0.000,0.000
1773687076.317,2026-03-17 02:51:16,equipment_b,0,3,,2.777,00:00:02,2.777,00:00:02,,,0.000,0,0,2.777,1,2.777,0.000,0.000
1773687077.445,2026-03-17 02:51:17,equipment_a,0,1,,23.181,00:00:23,23.181,00:00:23,,,0.000,0,0,19.896,3,7.727,0.000,0.000
1773687077.445,2026-03-17 02:51:17,equipment_b,1,3,8,2.777,00:00:02,2.777,00:00:02,,,0.000,0,0,2.777,1,2.777,0.000,0.000
1773687078.535,2026-03-17 02:51:18,equipment_a,0,1,,23.181,00:00:23,23.181,00:00:23,,,0.000,0,0,19.896,3,7.727,0.000,0.000
1773687078.535,2026-03-17 02:51:18,equipment_b,1,3,8,2.777,00:00:02,2.777,00:00:02,8,,0.000,0,0,2.777,1,2.777,0.000,0.000
1773687079.556,2026-03-17 02:51:19,equipment_a,0,1,,23.181,00:00:23,23.181,00:00:23,,,0.000,0,0,19.896,3,7.727,0.000,0.000
1773687079.556,2026-03-17 02:51:19,equipment_b,1,3,8,2.777,00:00:02,2.777,00:00:02,8,,0.000,0,0,2.777,1,2.777,0.000,0.000
1773687080.628,2026-03-17 02:51:20,equipment_a,0,1,,23.181,00:00:23,23.181,00:00:23,,,0.000,0,0,19.896,3,7.727,0.000,0.000
1773687080.628,2026-03-17 02:51:20,equipment_b,1,3,8,2.777,00:00:02,2.777,00:00:02,8,,0.000,0,0,2.777,1,2.777,0.000,0.000
1773687081.665,2026-03-17 02:51:21,equipment_a,0,1,,23.181,00:00:23,23.181,00:00:23,,,0.000,0,0,19.896,3,7.727,0.000,0.000
1773687081.665,2026-03-17 02:51:21,equipment_b,1,3,8,2.777,00:00:02,2.777,00:00:02,8,,0.000,0,0,2.777,1,2.777,0.000,0.000
1773687082.718,2026-03-17 02:51:22,equipment_a,0,1,,23.181,00:00:23,23.181,00:00:23,,,0.000,0,0,19.896,3,7.727,0.000,0.000
1773687082.718,2026-03-17 02:51:22,equipment_b,1,3,8,2.777,00:00:02,2.777,00:00:02,8,,0.000,0,0,2.777,1,2.777,0.000,0.000
1773687083.746,2026-03-17 02:51:23,equipment_a,0,1,,23.181,00:00:23,23.181,00:00:23,,,0.000,0,0,19.896,3,7.727,0.000,0.000
1773687083.746,2026-03-17 02:51:23,equipment_b,1,3,8,2.777,00:00:02,2.777,00:00:02,8,,0.000,0,0,2.777,1,2.777,0.000,0.000
1773687084.767,2026-03-17 02:51:24,equipment_a,0,1,,23.181,00:00:23,23.181,00:00:23,,,0.000,0,0,19.896,3,7.727,0.000,0.000
1773687084.767,2026-03-17 02:51:24,equipment_b,1,3,8,2.777,00:00:02,2.777,00:00:02,8,,0.000,0,0,2.777,1,2.777,0.000,0.000
1773687085.787,2026-03-17 02:51:25,equipment_a,0,1,,23.181,00:00:23,23.181,00:00:23,,,0.000,0,0,19.896,3,7.727,0.000,0.000
1773687085.787,2026-03-17 02:51:25,equipment_b,1,3,8,2.777,00:00:02,2.777,00:00:02,8,,0.000,0,0,2.777,1,2.777,0.000,0.000
1773687086.951,2026-03-17 02:51:26,equipment_a,0,1,,23.181,00:00:23,23.181,00:00:23,,,0.000,0,0,19.896,3,7.727,0.000,0.000
1773687086.951,2026-03-17 02:51:26,equipment_b,1,3,8,2.777,00:00:02,2.777,00:00:02,8,,0.000,0,0,2.777,1,2.777,0.000,0.000
1773687087.988,2026-03-17 02:51:27,equipment_a,0,1,,23.181,00:00:23,23.181,00:00:23,,,0.000,0,0,19.896,3,7.727,0.000,0.000
1773687087.988,2026-03-17 02:51:27,equipment_b,1,3,8,2.777,00:00:02,2.777,00:00:02,8,,0.000,0,0,2.777,1,2.777,0.000,0.000
1773687089.096,2026-03-17 02:51:29,equipment_a,0,1,,23.181,00:00:23,23.181,00:00:23,,,0.000,0,0,19.896,3,7.727,0.000,0.000
1773687089.096,2026-03-17 02:51:29,equipment_b,1,3,8,2.777,00:00:02,2.777,00:00:02,8,,0.000,0,0,2.777,1,2.777,0.000,0.000
1773687090.119,2026-03-17 02:51:30,equipment_a,0,1,,23.181,00:00:23,23.181,00:00:23,,,0.000,0,0,19.896,3,7.727,0.000,0.000
1773687090.119,2026-03-17 02:51:30,equipment_b,1,3,8,2.777,00:00:02,2.777,00:00:02,8,,0.000,0,0,2.777,1,2.777,0.000,0.000
1773687091.310,2026-03-17 02:51:31,equipment_a,0,1,,23.181,00:00:23,23.181,00:00:23,,,0.000,0,0,19.896,3,7.727,0.000,0.000
1773687091.310,2026-03-17 02:51:31,equipment_b,1,3,8,2.777,00:00:02,2.777,00:00:02,8,,0.000,0,0,2.777,1,2.777,0.000,0.000
1773687092.350,2026-03-17 02:51:32,equipment_a,0,1,,23.181,00:00:23,23.181,00:00:23,,,0.000,0,0,19.896,3,7.727,0.000,0.000
1773687092.350,2026-03-17 02:51:32,equipment_b,1,3,8,2.777,00:00:02,2.777,00:00:02,8,,0.000,0,0,2.777,1,2.777,0.000,0.000
1773687093.522,2026-03-17 02:51:33,equipment_a,0,1,,23.181,00:00:23,23.181,00:00:23,,,0.000,0,0,19.896,3,7.727,0.000,0.000
1773687093.522,2026-03-17 02:51:33,equipment_b,1,3,8,2.777,00:00:02,2.777,00:00:02,8,,0.000,0,0,2.777,1,2.777,0.000,0.000
1773687094.566,2026-03-17 02:51:34,equipment_a,0,1,,23.181,00:00:23,23.181,00:00:23,,,0.000,0,0,19.896,3,7.727,0.000,0.000
1773687094.566,2026-03-17 02:51:34,equipment_b,1,3,8,2.777,00:00:02,2.777,00:00:02,8,,0.000,0,0,2.777,1,2.777,0.000,0.000
1773687095.619,2026-03-17 02:51:35,equipment_a,0,1,,23.181,00:00:23,23.181,00:00:23,,,0.000,0,0,19.896,3,7.727,0.000,0.000
1773687095.619,2026-03-17 02:51:35,equipment_b,1,3,8,2.777,00:00:02,2.777,00:00:02,8,,0.000,0,0,2.777,1,2.777,0.000,0.000
1773687096.668,2026-03-17 02:51:36,equipment_a,0,1,,23.181,00:00:23,23.181,00:00:23,,,0.000,0,0,19.896,3,7.727,0.000,0.000
1773687096.668,2026-03-17 02:51:36,equipment_b,1,3,8,2.777,00:00:02,2.777,00:00:02,8,,0.000,0,0,2.777,1,2.777,0.000,0.000
1773687097.805,2026-03-17 02:51:37,equipment_a,0,1,,23.181,00:00:23,23.181,00:00:23,,,0.000,0,0,19.896,3,7.727,0.000,0.000
1773687097.805,2026-03-17 02:51:37,equipment_b,1,3,8,2.777,00:00:02,2.777,00:00:02,8,,0.000,0,0,2.777,1,2.777,0.000,0.000
1773687098.836,2026-03-17 02:51:38,equipment_a,0,1,,23.181,00:00:23,23.181,00:00:23,,,0.000,0,0,19.896,3,7.727,0.000,0.000
1773687098.836,2026-03-17 02:51:38,equipment_b,1,3,8,2.777,00:00:02,2.777,00:00:02,8,,0.000,0,0,2.777,1,2.777,0.000,0.000
1773687099.904,2026-03-17 02:51:39,equipment_a,0,1,,23.181,00:00:23,23.181,00:00:23,,,0.000,0,0,19.896,3,7.727,0.000,0.000
1773687099.904,2026-03-17 02:51:39,equipment_b,1,3,8,2.777,00:00:02,2.777,00:00:02,8,,0.000,0,0,2.777,1,2.777,0.000,0.000
1773687100.953,2026-03-17 02:51:40,equipment_a,0,1,,23.181,00:00:23,23.181,00:00:23,,,0.000,0,0,19.896,3,7.727,0.000,0.000
1773687100.953,2026-03-17 02:51:40,equipment_b,1,3,8,2.777,00:00:02,2.777,00:00:02,8,,0.000,0,0,2.777,1,2.777,0.000,0.000
1773687102.014,2026-03-17 02:51:42,equipment_a,0,1,,23.181,00:00:23,23.181,00:00:23,,,0.000,0,0,19.896,3,7.727,0.000,0.000
1773687102.014,2026-03-17 02:51:42,equipment_b,1,3,8,3.170,00:00:03,3.170,00:00:03,8,2026-03-17 02:51:41,0.393,1,0,2.777,1,2.777,0.393,2.383
1773687103.053,2026-03-17 02:51:43,equipment_a,0,1,,23.181,00:00:23,23.181,00:00:23,,,0.000,0,0,19.896,3,7.727,0.000,0.000
1773687103.053,2026-03-17 02:51:43,equipment_b,1,3,8,4.209,00:00:04,4.209,00:00:04,8,2026-03-17 02:51:41,1.432,1,0,2.777,1,2.777,1.432,1.344
1773687104.133,2026-03-17 02:51:44,equipment_a,0,1,,23.181,00:00:23,23.181,00:00:23,,,0.000,0,0,19.896,3,7.727,0.000,0.000
1773687104.133,2026-03-17 02:51:44,equipment_b,1,3,8,5.290,00:00:05,5.290,00:00:05,8,2026-03-17 02:51:41,2.513,1,0,2.777,1,2.777,2.513,1.000
1773687105.261,2026-03-17 02:51:45,equipment_a,0,1,,23.181,00:00:23,23.181,00:00:23,,,0.000,0,0,19.896,3,7.727,0.000,0.000
1773687105.261,2026-03-17 02:51:45,equipment_b,1,3,8,6.418,00:00:06,6.418,00:00:06,8,2026-03-17 02:51:41,3.641,1,0,2.777,1,2.777,3.641,1.000
1773687106.262,2026-03-17 02:51:46,equipment_a,0,1,,23.181,00:00:23,23.181,00:00:23,,,0.000,0,0,19.896,3,7.727,0.000,0.000
1773687106.262,2026-03-17 02:51:46,equipment_b,1,3,8,7.418,00:00:07,7.418,00:00:07,8,2026-03-17 02:51:41,4.642,1,0,2.777,1,2.777,4.642,1.000
1773687107.268,2026-03-17 02:51:47,equipment_a,0,1,,23.181,00:00:23,23.181,00:00:23,,,0.000,0,0,19.896,3,7.727,0.000,0.000
1773687107.268,2026-03-17 02:51:47,equipment_b,1,3,8,8.424,00:00:08,8.424,00:00:08,8,2026-03-17 02:51:41,5.648,1,0,2.777,1,2.777,5.648,1.000
1773687108.375,2026-03-17 02:51:48,equipment_a,0,1,,23.181,00:00:23,23.181,00:00:23,,,0.000,0,0,19.896,3,7.727,0.000,0.000
1773687108.375,2026-03-17 02:51:48,equipment_b,1,3,8,9.531,00:00:09,9.531,00:00:09,8,2026-03-17 02:51:41,6.754,1,0,2.777,1,2.777,6.754,1.000
1773687109.453,2026-03-17 02:51:49,equipment_a,0,1,,23.181,00:00:23,23.181,00:00:23,,,0.000,0,0,19.896,3,7.727,0.000,0.000
1773687109.453,2026-03-17 02:51:49,equipment_b,1,3,8,10.609,00:00:10,10.609,00:00:10,8,2026-03-17 02:51:41,7.833,1,0,2.777,1,2.777,7.833,1.000
1773687110.486,2026-03-17 02:51:50,equipment_a,0,1,,23.181,00:00:23,23.181,00:00:23,,,0.000,0,0,19.896,3,7.727,0.000,0.000
1773687110.486,2026-03-17 02:51:50,equipment_b,1,3,8,11.642,00:00:11,11.642,00:00:11,8,2026-03-17 02:51:41,8.865,1,0,2.777,1,2.777,8.865,1.000
1773687111.566,2026-03-17 02:51:51,equipment_a,0,1,,23.181,00:00:23,23.181,00:00:23,,,0.000,0,0,19.896,3,7.727,0.000,0.000
1773687111.566,2026-03-17 02:51:51,equipment_b,1,3,8,12.723,00:00:12,12.723,00:00:12,8,2026-03-17 02:51:41,9.946,0,0,2.777,1,2.777,9.946,1.000
1773687112.707,2026-03-17 02:51:52,equipment_a,0,1,,23.181,00:00:23,23.181,00:00:23,,,0.000,0,0,19.896,3,7.727,0.000,0.000
1773687112.707,2026-03-17 02:51:52,equipment_b,1,3,8,12.723,00:00:12,12.723,00:00:12,8,2026-03-17 02:51:41,9.946,0,0,2.777,1,2.777,9.946,1.000
1773687113.782,2026-03-17 02:51:53,equipment_a,0,1,,23.181,00:00:23,23.181,00:00:23,,,0.000,0,0,19.896,3,7.727,0.000,0.000
1773687113.782,2026-03-17 02:51:53,equipment_b,1,3,8,12.723,00:00:12,12.723,00:00:12,8,,0.000,0,0,9.946,2,6.362,0.000,0.000
1773687114.908,2026-03-17 02:51:54,equipment_a,0,1,,23.181,00:00:23,23.181,00:00:23,,,0.000,0,0,19.896,3,7.727,0.000,0.000
1773687114.908,2026-03-17 02:51:54,equipment_b,1,3,8,12.723,00:00:12,12.723,00:00:12,8,,0.000,0,0,9.946,2,6.362,0.000,0.000
1773687116.029,2026-03-17 02:51:56,equipment_a,0,1,,23.181,00:00:23,23.181,00:00:23,,,0.000,0,0,19.896,3,7.727,0.000,0.000
1773687116.029,2026-03-17 02:51:56,equipment_b,0,3,,12.723,00:00:12,12.723,00:00:12,,,0.000,0,0,9.946,2,6.362,0.000,0.000
1773687117.038,2026-03-17 02:51:57,equipment_a,0,1,,23.181,00:00:23,23.181,00:00:23,,,0.000,0,0,19.896,3,7.727,0.000,0.000
1773687117.038,2026-03-17 02:51:57,equipment_b,0,3,,12.723,00:00:12,12.723,00:00:12,,,0.000,0,0,9.946,2,6.362,0.000,0.000
1773687118.121,2026-03-17 02:51:58,equipment_a,0,1,,23.181,00:00:23,23.181,00:00:23,,,0.000,0,0,19.896,3,7.727,0.000,0.000
1773687118.121,2026-03-17 02:51:58,equipment_b,0,3,,12.723,00:00:12,12.723,00:00:12,,,0.000,0,0,9.946,2,6.362,0.000,0.000
1773687119.202,2026-03-17 02:51:59,equipment_a,0,1,,23.181,00:00:23,23.181,00:00:23,,,0.000,0,0,19.896,3,7.727,0.000,0.000
1773687119.202,2026-03-17 02:51:59,equipment_b,0,3,,12.723,00:00:12,12.723,00:00:12,,,0.000,0,0,9.946,2,6.362,0.000,0.000
1773687120.281,2026-03-17 02:52:00,equipment_a,0,1,,23.181,00:00:23,23.181,00:00:23,,,0.000,0,0,19.896,3,7.727,0.000,0.000
1773687120.281,2026-03-17 02:52:00,equipment_b,0,3,,12.723,00:00:12,12.723,00:00:12,,,0.000,0,0,9.946,2,6.362,0.000,0.000
1773687121.371,2026-03-17 02:52:01,equipment_a,0,1,,23.181,00:00:23,23.181,00:00:23,,,0.000,0,0,19.896,3,7.727,0.000,0.000
1773687121.371,2026-03-17 02:52:01,equipment_b,0,3,,12.723,00:00:12,12.723,00:00:12,,,0.000,0,0,9.946,2,6.362,0.000,0.000
1773687122.397,2026-03-17 02:52:02,equipment_a,1,2,14,23.181,00:00:23,23.181,00:00:23,14,,0.000,0,0,19.896,3,7.727,0.000,0.000
1773687122.397,2026-03-17 02:52:02,equipment_b,0,3,,12.723,00:00:12,12.723,00:00:12,,,0.000,0,0,9.946,2,6.362,0.000,0.000
1773687123.469,2026-03-17 02:52:03,equipment_a,1,2,14,23.181,00:00:23,23.181,00:00:23,14,,0.000,0,0,19.896,3,7.727,0.000,0.000
1773687123.469,2026-03-17 02:52:03,equipment_b,0,3,,12.723,00:00:12,12.723,00:00:12,,,0.000,0,0,9.946,2,6.362,0.000,0.000
1773687124.612,2026-03-17 02:52:04,equipment_a,1,2,14,23.181,00:00:23,23.181,00:00:23,14,,0.000,0,0,19.896,3,7.727,0.000,0.000
1773687124.612,2026-03-17 02:52:04,equipment_b,0,3,,12.723,00:00:12,12.723,00:00:12,,,0.000,0,0,9.946,2,6.362,0.000,0.000
1773687125.631,2026-03-17 02:52:05,equipment_a,1,2,14,23.181,00:00:23,23.181,00:00:23,14,,0.000,0,0,19.896,3,7.727,0.000,0.000
1773687125.631,2026-03-17 02:52:05,equipment_b,0,3,,12.723,00:00:12,12.723,00:00:12,,,0.000,0,0,9.946,2,6.362,0.000,0.000
1773687126.709,2026-03-17 02:52:06,equipment_a,1,2,14,24.118,00:00:24,24.118,00:00:24,14,2026-03-17 02:52:05,0.937,1,0,19.896,3,7.727,0.937,6.790
1773687126.709,2026-03-17 02:52:06,equipment_b,0,3,,12.723,00:00:12,12.723,00:00:12,,,0.000,0,0,9.946,2,6.362,0.000,0.000
1773687127.834,2026-03-17 02:52:07,equipment_a,1,2,14,25.244,00:00:25,25.244,00:00:25,14,2026-03-17 02:52:05,2.062,1,0,19.896,3,7.727,2.062,5.665
1773687127.834,2026-03-17 02:52:07,equipment_b,0,3,,12.723,00:00:12,12.723,00:00:12,,,0.000,0,0,9.946,2,6.362,0.000,0.000
1773687128.883,2026-03-17 02:52:08,equipment_a,1,2,14,26.293,00:00:26,26.293,00:00:26,14,2026-03-17 02:52:05,3.111,1,0,19.896,3,7.727,3.111,4.616
1773687128.883,2026-03-17 02:52:08,equipment_b,0,3,,12.723,00:00:12,12.723,00:00:12,,,0.000,0,0,9.946,2,6.362,0.000,0.000
1773687129.998,2026-03-17 02:52:09,equipment_a,1,2,14,27.407,00:00:27,27.407,00:00:27,14,2026-03-17 02:52:05,4.226,1,0,19.896,3,7.727,4.226,3.501
1773687129.998,2026-03-17 02:52:09,equipment_b,0,3,,12.723,00:00:12,12.723,00:00:12,,,0.000,0,0,9.946,2,6.362,0.000,0.000
1773687131.008,2026-03-17 02:52:11,equipment_a,1,2,14,28.418,00:00:28,28.418,00:00:28,14,2026-03-17 02:52:05,5.237,1,0,19.896,3,7.727,5.237,2.490
1773687131.008,2026-03-17 02:52:11,equipment_b,0,3,,12.723,00:00:12,12.723,00:00:12,,,0.000,0,0,9.946,2,6.362,0.000,0.000
1773687132.113,2026-03-17 02:52:12,equipment_a,1,2,14,29.522,00:00:29,29.522,00:00:29,14,2026-03-17 02:52:05,6.341,1,0,19.896,3,7.727,6.341,1.386
1773687132.113,2026-03-17 02:52:12,equipment_b,0,3,,12.723,00:00:12,12.723,00:00:12,,,0.000,0,0,9.946,2,6.362,0.000,0.000
1773687133.180,2026-03-17 02:52:13,equipment_a,1,2,14,30.589,00:00:30,30.589,00:00:30,14,2026-03-17 02:52:05,7.408,1,0,19.896,3,7.727,7.408,1.000
1773687133.180,2026-03-17 02:52:13,equipment_b,0,3,,12.723,00:00:12,12.723,00:00:12,,,0.000,0,0,9.946,2,6.362,0.000,0.000
1773687134.265,2026-03-17 02:52:14,equipment_a,1,2,14,31.675,00:00:31,31.675,00:00:31,14,2026-03-17 02:52:05,8.493,0,0,19.896,3,7.727,8.493,1.000
1773687134.265,2026-03-17 02:52:14,equipment_b,0,3,,12.723,00:00:12,12.723,00:00:12,,,0.000,0,0,9.946,2,6.362,0.000,0.000
1773687135.292,2026-03-17 02:52:15,equipment_a,1,2,14,31.675,00:00:31,31.675,00:00:31,14,2026-03-17 02:52:05,8.493,0,0,19.896,3,7.727,8.493,1.000
1773687135.292,2026-03-17 02:52:15,equipment_b,0,3,,12.723,00:00:12,12.723,00:00:12,,,0.000,0,0,9.946,2,6.362,0.000,0.000
1773687136.370,2026-03-17 02:52:16,equipment_a,1,2,14,31.675,00:00:31,31.675,00:00:31,14,,0.000,0,0,8.493,4,7.919,0.000,0.000
1773687136.370,2026-03-17 02:52:16,equipment_b,0,3,,12.723,00:00:12,12.723,00:00:12,,,0.000,0,0,9.946,2,6.362,0.000,0.000
1773687137.466,2026-03-17 02:52:17,equipment_a,1,2,14,31.675,00:00:31,31.675,00:00:31,14,,0.000,0,0,8.493,4,7.919,0.000,0.000
1773687137.466,2026-03-17 02:52:17,equipment_b,0,3,,12.723,00:00:12,12.723,00:00:12,,,0.000,0,0,9.946,2,6.362,0.000,0.000
1773687138.515,2026-03-17 02:52:18,equipment_a,1,2,14,31.675,00:00:31,31.675,00:00:31,14,,0.000,0,0,8.493,4,7.919,0.000,0.000
1773687138.515,2026-03-17 02:52:18,equipment_b,0,3,,12.723,00:00:12,12.723,00:00:12,,,0.000,0,0,9.946,2,6.362,0.000,0.000
1773687139.600,2026-03-17 02:52:19,equipment_a,1,2,14,32.342,00:00:32,32.342,00:00:32,14,2026-03-17 02:52:18,0.667,1,0,8.493,4,7.919,0.667,7.251
1773687139.600,2026-03-17 02:52:19,equipment_b,0,3,,12.723,00:00:12,12.723,00:00:12,,,0.000,0,0,9.946,2,6.362,0.000,0.000
1773687140.663,2026-03-17 02:52:20,equipment_a,1,2,14,33.405,00:00:33,33.405,00:00:33,14,2026-03-17 02:52:18,1.730,1,0,8.493,4,7.919,1.730,6.188
1773687140.663,2026-03-17 02:52:20,equipment_b,0,3,,12.723,00:00:12,12.723,00:00:12,,,0.000,0,0,9.946,2,6.362,0.000,0.000
1773687141.680,2026-03-17 02:52:21,equipment_a,1,2,14,34.421,00:00:34,34.421,00:00:34,14,2026-03-17 02:52:18,2.746,1,0,8.493,4,7.919,2.746,5.172
1773687141.680,2026-03-17 02:52:21,equipment_b,0,3,,12.723,00:00:12,12.723,00:00:12,,,0.000,0,0,9.946,2,6.362,0.000,0.000
1773687142.720,2026-03-17 02:52:22,equipment_a,1,2,14,34.762,00:00:34,34.762,00:00:34,14,2026-03-17 02:52:18,3.087,0,0,8.493,4,7.919,3.087,4.832
1773687142.720,2026-03-17 02:52:22,equipment_b,0,3,,12.723,00:00:12,12.723,00:00:12,,,0.000,0,0,9.946,2,6.362,0.000,0.000
1773687143.738,2026-03-17 02:52:23,equipment_a,1,2,14,34.762,00:00:34,34.762,00:00:34,14,2026-03-17 02:52:18,3.087,0,0,8.493,4,7.919,3.087,4.832
1773687143.738,2026-03-17 02:52:23,equipment_b,0,3,,12.723,00:00:12,12.723,00:00:12,,,0.000,0,0,9.946,2,6.362,0.000,0.000
1773687144.839,2026-03-17 02:52:24,equipment_a,1,2,14,34.762,00:00:34,34.762,00:00:34,14,,0.000,0,0,3.087,5,6.952,0.000,0.000
1773687144.839,2026-03-17 02:52:24,equipment_b,0,3,,12.723,00:00:12,12.723,00:00:12,,,0.000,0,0,9.946,2,6.362,0.000,0.000
1773687145.865,2026-03-17 02:52:25,equipment_a,1,2,14,34.762,00:00:34,34.762,00:00:34,14,,0.000,0,0,3.087,5,6.952,0.000,0.000
1773687145.865,2026-03-17 02:52:25,equipment_b,0,3,,12.723,00:00:12,12.723,00:00:12,,,0.000,0,0,9.946,2,6.362,0.000,0.000
1773687146.894,2026-03-17 02:52:26,equipment_a,1,2,14,35.648,00:00:35,35.648,00:00:35,14,2026-03-17 02:52:26,0.887,1,0,3.087,5,6.952,0.887,6.066
1773687146.894,2026-03-17 02:52:26,equipment_b,0,3,,12.723,00:00:12,12.723,00:00:12,,,0.000,0,0,9.946,2,6.362,0.000,0.000
1773687148.028,2026-03-17 02:52:28,equipment_a,1,2,14,36.453,00:00:36,36.453,00:00:36,14,2026-03-17 02:52:26,1.691,0,0,3.087,5,6.952,1.691,5.261
1773687148.028,2026-03-17 02:52:28,equipment_b,0,3,,12.723,00:00:12,12.723,00:00:12,,,0.000,0,0,9.946,2,6.362,0.000,0.000
1773687149.100,2026-03-17 02:52:29,equipment_a,1,2,14,36.453,00:00:36,36.453,00:00:36,14,2026-03-17 02:52:26,1.691,0,0,3.087,5,6.952,1.691,5.261
1773687149.100,2026-03-17 02:52:29,equipment_b,0,3,,12.723,00:00:12,12.723,00:00:12,,,0.000,0,0,9.946,2,6.362,0.000,0.000
1773687150.130,2026-03-17 02:52:30,equipment_a,1,2,14,36.453,00:00:36,36.453,00:00:36,14,,0.000,0,0,1.691,6,6.075,0.000,0.000
1773687150.130,2026-03-17 02:52:30,equipment_b,0,3,,12.723,00:00:12,12.723,00:00:12,,,0.000,0,0,9.946,2,6.362,0.000,0.000
1773687151.164,2026-03-17 02:52:31,equipment_a,1,2,14,36.453,00:00:36,36.453,00:00:36,14,,0.000,0,0,1.691,6,6.075,0.000,0.000
1773687151.164,2026-03-17 02:52:31,equipment_b,0,3,,12.723,00:00:12,12.723,00:00:12,,,0.000,0,0,9.946,2,6.362,0.000,0.000
1773687152.325,2026-03-17 02:52:32,equipment_a,0,2,,36.453,00:00:36,36.453,00:00:36,,,0.000,0,0,1.691,6,6.075,0.000,0.000
1773687152.325,2026-03-17 02:52:32,equipment_b,0,3,,12.723,00:00:12,12.723,00:00:12,,,0.000,0,0,9.946,2,6.362,0.000,0.000
1773687153.416,2026-03-17 02:52:33,equipment_a,0,2,,36.453,00:00:36,36.453,00:00:36,,,0.000,0,0,1.691,6,6.075,0.000,0.000
1773687153.416,2026-03-17 02:52:33,equipment_b,0,3,,12.723,00:00:12,12.723,00:00:12,,,0.000,0,0,9.946,2,6.362,0.000,0.000
1773687154.486,2026-03-17 02:52:34,equipment_a,0,2,,36.453,00:00:36,36.453,00:00:36,,,0.000,0,0,1.691,6,6.075,0.000,0.000
1773687154.486,2026-03-17 02:52:34,equipment_b,0,3,,12.723,00:00:12,12.723,00:00:12,,,0.000,0,0,9.946,2,6.362,0.000,0.000
1773687155.652,2026-03-17 02:52:35,equipment_a,0,2,,36.453,00:00:36,36.453,00:00:36,,,0.000,0,0,1.691,6,6.075,0.000,0.000
1773687155.652,2026-03-17 02:52:35,equipment_b,0,3,,12.723,00:00:12,12.723,00:00:12,,,0.000,0,0,9.946,2,6.362,0.000,0.000
1773687156.781,2026-03-17 02:52:36,equipment_a,0,2,,36.453,00:00:36,36.453,00:00:36,,,0.000,0,0,1.691,6,6.075,0.000,0.000
1773687156.781,2026-03-17 02:52:36,equipment_b,0,3,,12.723,00:00:12,12.723,00:00:12,,,0.000,0,0,9.946,2,6.362,0.000,0.000
1773687157.783,2026-03-17 02:52:37,equipment_a,0,2,,36.453,00:00:36,36.453,00:00:36,,,0.000,0,0,1.691,6,6.075,0.000,0.000
1773687157.783,2026-03-17 02:52:37,equipment_b,0,3,,12.723,00:00:12,12.723,00:00:12,,,0.000,0,0,9.946,2,6.362,0.000,0.000
1773687158.786,2026-03-17 02:52:38,equipment_a,0,2,,36.453,00:00:36,36.453,00:00:36,,,0.000,0,0,1.691,6,6.075,0.000,0.000
1773687158.786,2026-03-17 02:52:38,equipment_b,0,3,,12.723,00:00:12,12.723,00:00:12,,,0.000,0,0,9.946,2,6.362,0.000,0.000
1773687159.911,2026-03-17 02:52:39,equipment_a,0,2,,36.453,00:00:36,36.453,00:00:36,,,0.000,0,0,1.691,6,6.075,0.000,0.000
1773687159.911,2026-03-17 02:52:39,equipment_b,0,3,,12.723,00:00:12,12.723,00:00:12,,,0.000,0,0,9.946,2,6.362,0.000,0.000
1773687161.044,2026-03-17 02:52:41,equipment_a,0,2,,36.453,00:00:36,36.453,00:00:36,,,0.000,0,0,1.691,6,6.075,0.000,0.000
1773687161.044,2026-03-17 02:52:41,equipment_b,0,3,,12.723,00:00:12,12.723,00:00:12,,,0.000,0,0,9.946,2,6.362,0.000,0.000
1773687162.053,2026-03-17 02:52:42,equipment_a,0,2,,36.453,00:00:36,36.453,00:00:36,,,0.000,0,0,1.691,6,6.075,0.000,0.000
1773687162.053,2026-03-17 02:52:42,equipment_b,0,3,,12.723,00:00:12,12.723,00:00:12,,,0.000,0,0,9.946,2,6.362,0.000,0.000
1773687163.151,2026-03-17 02:52:43,equipment_a,0,2,,36.453,00:00:36,36.453,00:00:36,,,0.000,0,0,1.691,6,6.075,0.000,0.000
1773687163.151,2026-03-17 02:52:43,equipment_b,0,3,,12.723,00:00:12,12.723,00:00:12,,,0.000,0,0,9.946,2,6.362,0.000,0.000
1773687164.312,2026-03-17 02:52:44,equipment_a,0,2,,36.453,00:00:36,36.453,00:00:36,,,0.000,0,0,1.691,6,6.075,0.000,0.000
1773687164.312,2026-03-17 02:52:44,equipment_b,0,3,,12.723,00:00:12,12.723,00:00:12,,,0.000,0,0,9.946,2,6.362,0.000,0.000
1773687165.441,2026-03-17 02:52:45,equipment_a,0,2,,36.453,00:00:36,36.453,00:00:36,,,0.000,0,0,1.691,6,6.075,0.000,0.000
1773687165.441,2026-03-17 02:52:45,equipment_b,0,3,,12.723,00:00:12,12.723,00:00:12,,,0.000,0,0,9.946,2,6.362,0.000,0.000
1773687166.560,2026-03-17 02:52:46,equipment_a,0,2,,36.453,00:00:36,36.453,00:00:36,,,0.000,0,0,1.691,6,6.075,0.000,0.000
1773687166.560,2026-03-17 02:52:46,equipment_b,0,3,,12.723,00:00:12,12.723,00:00:12,,,0.000,0,0,9.946,2,6.362,0.000,0.000
1773687167.660,2026-03-17 02:52:47,equipment_a,0,2,,36.453,00:00:36,36.453,00:00:36,,,0.000,0,0,1.691,6,6.075,0.000,0.000
1773687167.660,2026-03-17 02:52:47,equipment_b,0,3,,12.723,00:00:12,12.723,00:00:12,,,0.000,0,0,9.946,2,6.362,0.000,0.000
1773687168.666,2026-03-17 02:52:48,equipment_a,0,2,,36.453,00:00:36,36.453,00:00:36,,,0.000,0,0,1.691,6,6.075,0.000,0.000
1773687168.666,2026-03-17 02:52:48,equipment_b,0,3,,12.723,00:00:12,12.723,00:00:12,,,0.000,0,0,9.946,2,6.362,0.000,0.000
1773687169.668,2026-03-17 02:52:49,equipment_a,0,2,,36.453,00:00:36,36.453,00:00:36,,,0.000,0,0,1.691,6,6.075,0.000,0.000
1773687169.668,2026-03-17 02:52:49,equipment_b,0,3,,12.723,00:00:12,12.723,00:00:12,,,0.000,0,0,9.946,2,6.362,0.000,0.000
